Time,Ax,Ay,Az,Gx,Gy,Gz
2,-0.13977,0.42187,0.43103,7.87354,25.08545,-43.21289
20,-0.12439,0.23779,0.34424,9.58252,5.24902,-44.37256
37,-0.17041,0.13342,0.32532,7.01904,-21.24023,-33.99658
55,-0.09644,0.07629,0.40833,9.76562,-37.53662,-16.11328
72,-0.04053,0.00208,0.50037,19.53125,-42.41943,-8.23975
90,-0.06372,-0.14709,0.55664,33.99658,-45.16602,-6.53076
108,-0.18396,-0.36926,0.66992,35.5835,-58.41064,1.15967
126,-0.2594,-0.53906,0.95947,13.73291,-73.36426,42.17529
144,-0.36389,-0.55359,1.37354,-7.69043,-73.42529,73.42529
162,-0.42212,-0.45959,1.80347,-0.24414,-47.24121,109.13086
180,-0.5509,-0.20349,1.89221,21.05713,-7.26318,149.90234
197,-0.56995,0.1825,1.85559,50.23193,34.48486,178.4668
214,-0.5343,0.43896,1.71326,64.63623,81.35986,175.41504
231,-0.45715,0.88647,1.61084,61.34033,117.79785,131.28662
248,-0.47083,1.16272,1.43335,56.70166,140.38086,72.87598
265,-0.55151,1.28955,1.28381,49.37744,147.70508,43.396
282,-0.60767,1.26355,1.11658,47.48535,156.49414,-1.77002
299,-0.53394,1.19519,0.92065,35.09521,162.29248,-32.4707
318,-0.33167,1.15967,0.7417,2.80762,162.65869,-94.11621
336,-0.27588,0.95715,0.41772,-13.48877,158.99658,-146.42334
354,-0.36414,0.62268,0.13684,-21.42334,136.53564,-177.36816
372,-0.19849,0.3623,-0.10583,-23.68164,93.26172,-170.53223
390,-0.06616,0.15881,-0.28809,-21.78955,40.83252,-166.3208
408,-0.07056,-0.12158,-0.46143,-21.05713,-14.83154,-164.73389
426,-0.13708,-0.39539,-0.47864,-36.9873,-75.19531,-147.46094
444,-0.25867,-0.61133,-0.2605,-63.5376,-142.51709,-117.00439
462,-0.46533,-0.88464,0.27039,-78.00293,-213.1958,-77.81982
481,-0.65295,-1.104,0.9762,-58.10547,-260.25391,-21.24023
500,-0.71533,-1.21729,1.55347,-21.72852,-252.50244,80.87158
520,-0.76318,-0.97461,2.04602,-12.93945,-193.60352,147.52197
539,-0.80383,-0.53662,2.08069,-28.50342,-129.5166,199.27979
557,-0.82007,-0.03235,2.14331,-34.17969,-85.9375,231.62842
575,-0.64307,0.52087,2.23901,-22.09473,-36.13281,234.98535
594,-0.53955,0.94666,2.19421,4.88281,27.89307,195.80078
612,-0.61377,1.11365,2.01953,40.40527,86.30371,138.5498
629,-0.65356,1.2019,1.78699,58.77686,136.96289,89.78271
647,-0.64062,1.2312,1.48535,43.27393,178.40576,46.38672
665,-0.61047,1.24121,1.19934,21.05713,192.74902,-15.86914
682,-0.42358,1.15649,0.91357,2.56348,192.62695,-38.20801
700,-0.36084,0.99609,0.61938,-22.76611,182.18994,-114.37988
717,-0.34851,0.76453,0.33081,-22.88818,173.46191,-148.86475
736,-0.25818,0.33606,-0.24829,7.99561,138.18359,-158.56934
754,-0.09583,0.05188,-0.65332,24.90234,101.44043,-156.06689
771,-0.07019,-0.15198,-0.86206,3.17383,41.19873,-152.83203
789,-0.16272,-0.37292,-0.65466,-35.03418,-37.78076,-145.69092
807,-0.33398,-0.69373,-0.17896,-42.17529,-116.51611,-127.92969
824,-0.41992,-1.00879,0.32349,-18.85986,-182.67822,-89.66064
841,-0.55933,-1.26184,0.71362,10.13184,-237.79297,-43.02979
858,-0.65381,-1.41003,1.12598,8.78906,-262.57324,7.14111
875,-0.68018,-1.31689,1.65271,-20.44678,-241.1499,63.90381
893,-0.70715,-0.98792,2.06299,-32.77588,-181.82373,116.57715
911,-0.72998,-0.55164,2.14954,-22.46094,-108.88672,160.27832
928,-0.73193,-0.11816,2.08655,-14.89258,-53.6499,188.04932
946,-0.64722,0.31519,2.12732,-26.97754,-8.54492,191.8335
964,-0.52966,0.70337,2.17651,-42.17529,52.79541,167.3584
982,-0.5459,0.91418,2.10217,-36.92627,116.1499,123.9624
999,-0.55164,1.02905,1.87256,-26.12305,174.01123,81.66504
1016,-0.54883,1.10742,1.57434,-22.82715,220.76416,39.91699
1033,-0.474,1.05591,1.26306,-30.39551,257.56836,-0.42725
1051,-0.32104,0.98022,0.9469,-40.95459,275.93994,-50.41504
1069,-0.3042,0.83923,0.5863,-33.02002,261.1084,-107.48291
1087,-0.23694,0.67651,0.18616,-22.64404,250.54932,-150.87891
1104,-0.18738,0.48645,-0.32471,12.26807,220.70312,-182.18994
1122,-0.10547,0.29651,-0.89014,49.07227,148.80371,-203.36914
1140,-0.07568,0.13867,-1.14758,24.4751,59.57031,-213.37891
1157,-0.24097,-0.11487,-0.8562,-31.25,-41.56494,-217.04102
1175,-0.36584,-0.34937,-0.29089,-61.21826,-126.83105,-197.26562
1193,-0.39917,-0.53406,0.16162,-52.79541,-185.79102,-163.08594
1211,-0.51526,-0.76001,0.49841,-26.42822,-231.81152,-132.75146
1229,-0.70569,-1.00598,0.77258,-3.54004,-277.58789,-97.0459
1247,-0.81458,-1.16882,1.19055,-18.00537,-293.82324,-25.08545
1265,-0.85645,-1.22266,1.72253,-45.6543,-216.61377,39.79492
1283,-0.87207,-0.95569,2.06348,-31.37207,-140.19775,114.31885
1301,-0.84302,-0.66614,1.95789,-17.7002,-94.90967,187.62207
1319,-0.64172,-0.21631,2.03271,-35.5835,-65.42969,230.896
1337,-0.49854,0.20276,2.15771,-64.7583,-11.59668,224.24316
1355,-0.349,0.52576,2.12585,-71.5332,60.30273,192.99316
1373,-0.40527,0.72327,1.99329,-47.48535,119.93408,156.79932
1391,-0.32458,0.9093,1.83777,-20.01953,174.43848,132.75146
1408,-0.22864,1.07507,1.47961,-6.89697,237.60986,95.21484
1426,-0.10864,1.14526,0.98108,-0.61035,264.5874,32.53174
1443,-0.00916,1.04102,0.60278,-6.53076,249.93896,-40.40527
1461,0.01746,0.9043,0.32678,-22.33887,237.30469,-111.93848
1478,-0.03296,0.73816,-0.01379,-14.28223,210.20508,-169.49463
1496,-0.03296,0.56482,-0.33557,-0.54932,160.70557,-210.44922
1514,-0.03528,0.35937,-0.42822,-13.24463,105.52979,-240.17334
1532,-0.12891,0.19592,-0.32532,-28.62549,44.06738,-253.90625
1550,-0.28088,-0.08777,-0.16968,-26.48926,-37.78076,-251.09863
1569,-0.44226,-0.43787,0.0304,-29.29688,-148.55957,-219.7876
1587,-0.57056,-0.9021,0.35327,-44.37256,-200.8667,-181.09131
1604,-0.67627,-1.00317,0.49365,-67.74902,-247.7417,-139.89258
1622,-0.98657,-1.22461,1.15918,-77.0874,-275.45166,-79.04053
1640,-1.01135,-1.37915,1.64368,-53.34473,-259.0332,20.87402
1657,-0.94495,-1.19543,1.73413,-26.61133,-198.66943,125.91553
1674,-0.92859,-0.88477,1.72424,-37.71973,-127.31934,215.20996
1692,-0.7749,-0.35461,1.84741,-69.76318,-91.85791,269.53125
1710,-0.50342,0.06592,2.04614,-82.6416,-46.63086,277.03857
1727,-0.45142,0.34985,2.14148,-64.5752,13.42773,258.97217
1744,-0.32727,0.56897,2.12427,-35.94971,84.8999,241.1499
1762,-0.20129,0.82715,1.93701,-14.77051,156.18896,210.38818
1779,-0.17419,0.97827,1.73828,-5.43213,218.44482,164.79492
1797,-0.13232,0.9801,1.57361,4.45557,265.93018,118.65234
1815,-0.03906,0.953,1.23083,16.6626,295.22705,68.35938
1832,-0.05383,0.89258,0.75732,36.19385,282.89795,9.33838
1849,0.12073,0.76855,0.2312,31.43311,246.27686,-42.3584
1866,0.22095,0.69202,-0.14795,6.40869,197.3877,-111.75537
1883,0.11731,0.52673,-0.36353,-12.51221,133.66699,-187.5
1901,-0.10388,0.26868,-0.48193,-19.104,72.08252,-237.854
1919,-0.1427,-0.05261,-0.64294,-26.9165,-0.79346,-247.31445
1937,-0.30725,-0.2865,-0.57727,-64.45313,-91.12549,-246.09375
1955,-0.5603,-0.57776,-0.2782,-115.23438,-184.2041,-228.69873
1973,-0.71753,-0.82922,0.19263,-145.01953,-260.55908,-185.30273
1991,-0.94653,-1.00256,0.66089,-138.97705,-315.67383,-131.04248
2009,-1.20117,-1.32654,1.27051,-89.35547,-347.41211,-55.48096
2027,-1.30481,-1.61243,1.62952,-28.50342,-319.03076,72.81494
2045,-1.14478,-1.28955,1.89185,-30.70068,-226.86768,211.9751
2063,-0.95886,-0.672,1.91089,-48.03467,-135.86426,285.21729
2081,-0.71326,-0.08472,2.01575,-69.94629,-67.93213,299.1333
2099,-0.51392,0.36438,2.09717,-57.55615,35.5835,264.22119
2117,-0.53625,0.84973,2.08557,-36.25488,101.62354,249.81689
2135,-0.17468,1.23462,1.91162,-26.79443,177.85645,212.09717
2153,0.08032,1.37817,1.59656,-32.10449,235.16846,122.80273
2171,0.12415,1.37439,1.27502,-53.89404,235.71777,13.85498
2188,0.14844,1.34473,1.09045,-97.77832,213.13477,-90.69824
2205,-0.18298,1.14258,1.12341,-125.97656,202.63672,-170.41016
2224,-0.25513,0.81958,0.90125,-113.76953,157.4707,-195.12939
2244,-0.18738,0.58582,0.52942,-92.7124,123.10791,-207.6416
2262,-0.08167,0.36975,0.15356,-85.69336,91.61377,-233.27637
2279,-0.19141,0.07898,-0.15149,-75.68359,45.22705,-269.47021
2298,-0.29187,-0.27429,-0.34143,-53.71094,-18.85986,-279.60205
2316,-0.45435,-0.60742,-0.42749,-32.22656,-119.68994,-230.896
2334,-0.52551,-0.87097,-0.1084,-17.39502,-176.45264,-166.93115
2352,-0.73975,-1.20032,0.14038,-3.96729,-218.26172,-95.33691
2370,-0.91187,-1.38025,0.48987,3.05176,-256.83594,-0.61035
2388,-0.97314,-1.31921,0.95654,-2.13623,-267.82227,96.92383
2406,-0.98035,-1.18494,1.29602,-16.60156,-231.50635,170.53223
2424,-1.0863,-1.00171,1.49402,-38.20801,-179.38232,230.0415
2441,-1.19409,-0.64282,1.76562,-52.00195,-144.65332,296.14258
2459,-0.98694,-0.05334,2.12256,-40.52734,-109.375,349.91455
2477,-0.58459,0.52014,2.2959,-26.67236,-35.46143,344.48242
2494,-0.46753,0.78503,2.23059,-19.77539,65.979,290.52734
2511,-0.51453,0.98901,2.03796,-1.52588,144.71436,237.97607
2529,-0.35645,1.1676,1.80688,27.46582,183.95996,190.00244
2547,-0.09705,1.30676,1.46875,26.79443,226.37939,116.1499
2565,-0.03259,1.2616,1.14905,9.27734,254.3335,15.50293
2582,-0.07581,1.07605,0.84741,9.33838,260.37598,-78.24707
2600,-0.17395,0.82397,0.44617,29.84619,242.49268,-148.86475
2618,-0.20935,0.54907,-0.00146,53.40576,192.44385,-194.88525
2635,-0.18665,0.27979,-0.30591,43.45703,127.31934,-222.229
2652,-0.10291,0.07617,-0.42615,-0.36621,64.45313,-237.42676
2669,-0.17773,-0.14087,-0.36768,-45.16602,-17.82227,-256.04248
2686,-0.42273,-0.35645,-0.16553,-80.68848,-102.11182,-262.63428
2704,-0.59424,-0.65674,0.02307,-111.75537,-178.10059,-228.33252
2722,-0.76624,-0.81775,0.45422,-144.04297,-242.06543,-172.66846
2739,-0.96167,-1.03088,0.98853,-136.77979,-282.40967,-103.08838
2756,-1.08447,-1.20227,1.37927,-86.18164,-296.93604,-6.5918
2773,-0.89453,-1.07629,1.74927,-59.99756,-253.60107,86.9751
2790,-0.79504,-0.82654,1.83716,-64.94141,-157.89795,137.39014
2807,-0.83508,-0.63184,1.73743,-81.05469,-87.21924,165.1001
2824,-0.91052,-0.39612,1.802,-95.52002,-49.68262,201.72119
2842,-0.74695,0.04346,2.01331,-88.50098,-14.22119,238.46436
2859,-0.58484,0.45007,2.07178,-58.10547,40.46631,238.34229
2877,-0.45154,0.63672,2.01758,-28.13721,119.50684,209.10645
2895,-0.44214,0.81018,1.74707,-7.62939,190.49072,164.0625
2913,-0.36804,0.95593,1.44836,2.50244,215.4541,108.58154
2930,-0.30029,1.01929,1.16064,-4.08936,205.3833,41.99219
2947,-0.25684,0.90369,1.01184,-29.05273,188.59863,-16.78467
2965,-0.26343,0.84607,0.85974,-54.87061,177.6123,-67.99316
2982,-0.17114,0.72705,0.60474,-55.23682,159.36279,-110.90088
3000,-0.08777,0.63391,0.25525,-50.23193,136.1084,-156.12793
3018,-0.07385,0.46387,-0.06726,-55.54199,104.37012,-196.3501
3036,-0.06531,0.21973,-0.37317,-52.91748,62.13379,-219.29932
3053,-0.17053,-0.15259,-0.62085,-41.93115,-6.28662,-223.0835
3071,-0.22375,-0.42468,-0.52954,-31.49414,-84.47266,-202.94189
3089,-0.32166,-0.67078,-0.28247,-11.84082,-146.66748,-155.51758
3107,-0.50574,-0.93481,0.04834,11.2915,-210.38818,-105.52979
3125,-0.89258,-1.38977,0.68396,12.75635,-230.77393,-26.48926
3143,-0.9231,-1.47058,1.1488,13.30566,-224.24316,72.5708
3161,-1.00122,-1.35779,1.453,14.34326,-195.67871,156.18896
3179,-0.9696,-1.05359,1.66736,1.58691,-158.93555,223.75488
3196,-0.90015,-0.55383,1.90637,-19.65332,-117.79785,261.71875
3213,-0.7793,-0.01453,2.17285,-33.56934,-53.03955,273.68164
3230,-0.67651,0.42358,2.27136,-25.81787,30.09033,268.06641
3247,-0.55542,0.83044,2.09937,-3.05176,101.19629,242.98096
3264,-0.38745,1.12146,1.83398,13.12256,139.4043,188.90381
3281,-0.31079,1.19604,1.71985,8.36182,161.49902,113.03711
3299,-0.16785,1.2356,1.4137,-17.15088,197.5708,26.12305
3317,-0.19019,1.10571,1.17346,-29.35791,226.98975,-58.47168
3334,-0.23364,0.8999,0.8092,-22.3999,234.61914,-124.51172
3353,-0.1886,0.6781,0.4198,-9.21631,219.84863,-174.1333
3371,-0.125,0.45142,0.08264,7.75146,188.84277,-221.74072
3391,-0.20764,0.18994,-0.18298,27.58789,136.96289,-259.94873
3410,-0.35779,-0.16833,-0.37585,41.68701,73.24219,-270.08057
3428,-0.41321,-0.53967,-0.4082,35.94971,2.01416,-227.35596
3446,-0.41565,-0.83777,-0.31311,0.24414,-98.57178,-189.63623
3464,-0.60803,-1.24792,0.00537,-30.33447,-166.1377,-151.7334
3483,-0.85022,-1.46509,0.36145,-58.28857,-239.99023,-96.80176
3501,-1.07776,-1.54297,0.88232,-69.82422,-307.49512,-12.81738
3519,-1.16614,-1.47217,1.50452,-65.979,-319.15283,94.7876
3537,-0.93689,-1.08936,1.99158,-76.29395,-243.16406,200.80566
3555,-0.72192,-0.49048,2.17285,-85.99854,-123.71826,244.2627
3573,-0.6123,-0.05884,2.14844,-65.42969,-39.73389,242.67578
3591,-0.60449,0.20825,2.08142,-47.79053,-3.11279,222.59521
3609,-0.50159,0.48926,2.10937,-54.74854,49.43848,204.52881
3627,-0.30579,0.76147,2.07031,-65.24658,123.04688,169.6167
3644,-0.24536,0.87646,1.82849,-58.04443,196.22803,110.77881
3661,-0.21582,0.91016,1.48193,-47.36328,234.06982,44.92188
3678,-0.1875,0.87939,1.18066,-50.78125,252.74658,-16.72363
3696,-0.19751,0.74915,0.8667,-46.69189,251.2207,-73.97461
3713,-0.21533,0.55432,0.48206,-29.05273,237.54883,-116.94336
3730,-0.2262,0.36853,0.02356,4.27246,213.86719,-143.37158
3748,-0.17871,0.17322,-0.43787,41.74805,168.45703,-155.2124
3767,-0.06616,-0.01233,-0.79175,51.45264,54.01611,-172.24121
3785,-0.05847,-0.17712,-0.83484,-4.3335,-35.09521,-191.10107
3803,-0.32617,-0.56384,-0.4386,-49.62158,-128.479,-193.78662
3822,-0.5282,-0.81494,-0.09204,-80.26123,-212.64648,-167.29736
3841,-0.68066,-0.979,0.3385,-87.52441,-284.91211,-123.10791
3858,-0.97437,-1.17322,0.78357,-60.18066,-344.72656,-70.67871
3876,-1.17712,-1.41846,1.34253,-40.52734,-354.8584,13.61084
3893,-0.97668,-1.29248,1.92419,-53.58887,-276.06201,124.14551
3911,-0.92407,-0.83984,2.05811,-44.00635,-165.2832,193.72559
3929,-0.83984,-0.42236,1.99219,-29.78516,-112.30469,222.35107
3947,-0.66077,-0.01428,2.09143,-39.00146,-73.36426,221.80176
3965,-0.5365,0.36011,2.19922,-49.07227,-9.70459,200.50049
3983,-0.42114,0.60681,2.13,-41.68701,62.80518,155.88379
4001,-0.41589,0.65955,1.89587,-32.16553,129.39453,103.75977
4018,-0.33374,0.77222,1.59741,-33.75244,179.38232,58.28857
4036,-0.23242,0.89844,1.24463,-36.07178,205.2002,5.12695
4053,-0.15393,0.86584,0.85461,-31.18896,208.92334,-54.19922
4071,-0.23865,0.6427,0.46118,-24.35303,201.53809,-125.54932
4088,-0.22888,0.4292,0.11487,-19.104,185.97412,-136.04736
4105,-0.12842,0.31787,-0.19714,-4.63867,152.83203,-150.6958
4123,-0.10669,0.15222,-0.40967,10.92529,102.90527,-183.41064
4140,-0.14404,-0.05115,-0.43872,16.05225,35.94971,-181.82373
4158,-0.24878,-0.27246,-0.28943,9.76562,-79.22363,-175.84229
4176,-0.34351,-0.427,-0.01709,-2.68555,-154.23584,-162.35352
4194,-0.63281,-0.87146,0.51855,-5.18799,-215.14893,-132.20215
4212,-0.84778,-1.11646,0.90759,3.35693,-254.08936,-82.4585
4230,-0.97815,-1.32361,1.24341,5.24902,-253.60107,-13.67187
4248,-1.0105,-1.34546,1.59094,-15.13672,-215.271,66.89453
4265,-0.93933,-1.14233,1.84558,-36.43799,-153.13721,134.15527
4285,-0.86084,-0.84912,1.89258,-47.66846,-89.29443,180.23682
4303,-0.79321,-0.48645,1.89697,-56.7627,-39.18457,208.12988
4321,-0.69922,-0.15857,1.93494,-69.33594,14.89258,224.85352
4340,-0.55725,0.14294,1.88062,-78.73535,75.07324,227.29492
4358,-0.48743,0.4137,1.72681,-72.50977,145.93506,194.03076
4375,-0.23999,0.68152,1.50391,-70.37354,167.41943,139.5874
4393,-0.01624,0.89624,1.24878,-82.27539,215.51514,47.36328
4411,-0.10278,0.89355,0.9071,-64.69727,219.48242,-39.12354
4429,-0.23645,0.72778,0.53735,-34.11865,205.3833,-96.80176
4447,-0.23157,0.50647,0.15527,-16.96777,180.54199,-121.33789
4464,-0.11755,0.40649,-0.17871,-9.33838,149.84131,-134.58252
4482,-0.00854,0.31287,-0.47925,-5.24902,103.94287,-162.04834
4500,-0.09631,0.10974,-0.61499,-32.2876,42.90771,-193.60352
4518,-0.27783,-0.12976,-0.50195,-81.90918,-29.72412,-196.28906
4536,-0.44006,-0.38477,-0.1532,-111.75537,-116.57715,-159.48486
4554,-0.61499,-0.72485,0.29419,-104.37012,-192.81006,-105.40771
4572,-0.77698,-0.97595,0.77917,-66.22314,-256.46973,-39.0625
4590,-0.89331,-1.18933,1.20471,-27.58789,-291.25977,24.10889
4608,-0.92749,-1.31909,1.68884,-15.07568,-274.71924,92.10205
4625,-0.87036,-1.17297,2.02905,-14.16016,-212.95166,161.13281
4642,-0.76965,-0.68848,2.16724,-9.76562,-140.625,214.17236
4659,-0.69714,-0.18713,2.09521,-1.46484,-71.41113,232.66602
4677,-0.6676,0.18042,1.94495,-9.82666,-11.77979,230.59082
4695,-0.54834,0.5304,1.8407,-28.9917,35.88867,215.57617
4712,-0.44421,0.85498,1.7926,-38.26904,80.68848,177.00195
4729,-0.35303,0.99072,1.68518,-35.82764,126.64795,123.47412
4746,-0.31982,1.02759,1.49756,-25.63477,171.99707,63.41553
4764,-0.36658,0.94202,1.25745,-14.28223,211.79199,7.08008
4783,-0.33081,0.80176,0.96082,-4.82178,232.17773,-32.4707
4800,-0.2301,0.70959,0.65356,1.89209,225.58594,-72.5708
4818,-0.12427,0.55591,0.38074,-0.54932,206.05469,-118.46924
4836,-0.10706,0.40295,0.21289,-4.21143,150.63477,-188.5376
4853,-0.21252,0.20349,0.04822,3.78418,98.14453,-212.34131
4871,-0.28027,-0.04077,-0.24121,28.50342,52.4292,-210.87646
4889,-0.31348,-0.39465,-0.48572,20.81299,-18.61572,-193.84766
4908,-0.38013,-0.61621,-0.42725,-13.00049,-105.34668,-169.06738
4926,-0.4895,-0.84424,-0.03662,-57.55615,-189.81934,-141.96777
4945,-0.70032,-1.09167,0.5238,-71.59424,-261.1084,-98.32764
4964,-0.89819,-1.18762,1.08105,-43.64014,-305.48096,-34.91211
4982,-0.84106,-1.21851,1.51794,-3.60107,-297.05811,37.59766
5001,-0.80518,-1.09375,1.79639,-20.93506,-180.29785,136.71875
5019,-0.77612,-0.51294,1.94263,-37.35352,-101.80664,182.37305
5037,-0.68799,-0.12158,1.95837,-32.4707,-63.04932,202.81982
5055,-0.51367,0.25708,1.93762,-38.94043,-15.25879,197.02148
5073,-0.35364,0.58276,1.90784,-59.63135,51.2085,160.52246
5090,-0.25012,0.75208,1.85596,-64.5752,120.05615,100.58594
5108,-0.30139,0.80908,1.64856,-51.75781,176.26953,38.57422
5126,-0.27075,0.83789,1.40479,-40.71045,213.98926,-9.21631
5143,-0.18677,0.88452,1.12024,-41.44287,235.47363,-60.54688
5161,-0.21973,0.78882,0.82056,-38.08594,228.6377,-118.77441
5178,-0.19104,0.62317,0.52344,-30.57861,203.85742,-164.55078
5196,-0.30457,0.42883,0.13037,-16.35742,165.58838,-198.54736
5214,-0.29346,0.15503,-0.38574,-0.73242,106.62842,-207.09229
5232,-0.32227,-0.12524,-0.87024,-12.69531,17.02881,-197.63184
5250,-0.38306,-0.33215,-0.82556,-61.15723,-84.59473,-178.40576
5269,-0.43518,-0.48303,-0.30225,-89.66064,-167.3584,-149.16992
5287,-0.54382,-0.69556,0.18726,-58.71582,-227.23389,-110.29053
5306,-0.93933,-1.14136,0.81628,27.46582,-287.71973,-19.83643
5324,-0.94629,-1.31775,1.28516,47.18018,-272.27783,65.42969
5344,-0.84998,-1.19141,1.65942,18.55469,-213.50098,123.65723
5362,-0.91406,-0.92395,1.88733,-10.00977,-137.57324,156.37207
5379,-0.86975,-0.51843,2.0874,-17.21191,-90.02686,193.42041
5398,-0.67749,0.03601,2.20435,-19.65332,-32.2876,218.87207
5417,-0.49243,0.45593,2.21521,-30.63965,39.0625,206.66504
5436,-0.47754,0.66602,2.02661,-23.86475,145.08057,153.07617
5454,-0.39673,0.82605,1.71252,-15.07568,185.85205,119.56787
5472,-0.30859,0.83984,1.46851,-23.07129,214.05029,78.55225
5490,-0.2301,0.78491,1.1897,-33.14209,233.21533,26.7334
5508,-0.22791,0.63477,0.91687,-30.94482,239.99023,-28.93066
5525,-0.27051,0.45801,0.60779,-12.3291,229.73633,-74.27979
5543,-0.21619,0.28027,0.25793,7.8125,206.78711,-106.62842
5561,-0.17395,0.15356,-0.0448,11.59668,173.52295,-138.48877
5580,-0.11401,-0.03882,-0.2666,9.15527,125.67139,-166.07666
5598,-0.1449,-0.20129,-0.38647,-9.82666,59.69238,-188.59863
5617,-0.27991,-0.4165,-0.32202,-43.27393,-21.91162,-199.09668
5637,-0.43018,-0.68994,0.04309,-75.37842,-148.98682,-162.23145
5655,-0.58777,-0.80176,0.40442,-89.05029,-227.84424,-128.11279
5673,-0.83215,-1.01709,0.85107,-85.44922,-288.51318,-85.57129
5691,-0.94055,-1.29333,1.40869,-40.77148,-318.0542,-4.15039
5708,-0.94775,-1.22144,1.82861,-0.91553,-278.25928,102.53906
5725,-0.68066,-0.80298,1.97791,-3.54004,-165.89355,190.85693
5742,-0.73792,-0.45239,1.84802,-14.16016,-74.52393,221.67969
5760,-0.65955,-0.13049,1.84644,-33.02002,-25.57373,243.10303
5777,-0.61755,0.25012,1.93384,-44.55566,15.80811,255.98145
5796,-0.39062,0.56604,1.90503,-46.81396,87.64648,249.69482
5815,-0.26306,0.88721,1.6908,-39.36768,155.51758,209.35059
5833,-0.16614,1.06995,1.43457,-29.41895,199.70703,137.08496
5850,-0.17603,1.06335,1.17139,-21.97266,219.23828,57.67822
5868,-0.19812,0.96021,0.901,-19.34814,216.91895,-10.31494
5885,-0.1731,0.81799,0.62305,-23.80371,197.87598,-63.7207
5904,-0.17383,0.67432,0.39539,-36.68213,170.04395,-108.94775
5922,-0.15564,0.47485,0.24634,-21.48438,113.22021,-157.40967
5940,-0.08557,0.20569,-0.01965,0.67139,65.12451,-182.86133
5958,-0.10083,-0.19043,-0.21143,21.05713,10.43701,-204.65088
5976,-0.18604,-0.48706,-0.36218,11.16943,-52.6123,-214.05029
5994,-0.35254,-0.78052,-0.22351,-26.9165,-134.27734,-204.83398
6012,-0.47681,-1.01221,0.07581,-64.33105,-201.84326,-166.50391
6030,-0.69531,-1.16785,0.58911,-79.65088,-260.25391,-115.41748
6049,-0.69519,-1.35706,1.18225,-45.77637,-279.96826,-46.875
6068,-0.80786,-1.47742,1.41968,13.79395,-249.87793,39.12354
6086,-0.79675,-1.25952,1.41321,13.5498,-184.63135,133.60596
6104,-0.76465,-0.84009,1.46875,-31.73828,-136.65771,212.03613
6123,-0.703,-0.14954,1.74011,-53.95508,-97.96143,229.37012
6141,-0.60852,0.31677,1.82141,-45.53223,-60.79102,219.42139
6159,-0.47009,0.64539,1.8363,-40.2832,-5.43213,179.19922
6177,-0.44055,0.771,1.72766,-35.40039,50.10986,123.90137
6195,-0.51343,0.87,1.47876,-27.22168,80.62744,74.34082
6212,-0.45667,0.8855,1.28442,-33.02002,89.05029,31.92139
6230,-0.37708,0.89404,1.10046,-51.08643,99.42627,-11.96289
6248,-0.37073,0.83191,0.92969,-60.85205,111.08398,-61.4624
6267,-0.37305,0.68359,0.70068,-52.73438,118.83545,-104.24805
6286,-0.33264,0.49902,0.4342,-33.26416,116.33301,-132.75146
6305,-0.28589,0.12061,0.12598,-10.37598,76.53809,-158.38623
6323,-0.21875,-0.09985,0.07715,-3.84521,45.6543,-158.99658
6341,-0.24182,-0.31738,0.03247,13.91602,14.03809,-156.86035
6360,-0.28479,-0.57239,0.06384,26.79443,-24.6582,-146.3623
6379,-0.39539,-0.80908,0.20447,30.27344,-63.35449,-123.47412
6398,-0.46619,-1.03943,0.40063,33.3252,-98.20557,-86.24268
6417,-0.60803,-1.20239,0.62207,40.52734,-132.87354,-8.48389
6435,-0.60315,-1.20801,0.90161,32.65381,-147.94922,38.63525
6453,-0.59412,-0.95154,1.33191,12.63428,-119.93408,62.98828
6470,-0.64246,-0.8678,1.46423,7.62939,-90.57617,84.77783
6488,-0.67456,-0.51672,1.59241,7.75146,-74.09668,114.9292
6507,-0.58264,-0.17383,1.74414,0,-49.37744,129.39453
6525,-0.55029,0.08142,1.83008,-12.02393,-12.02393,121.58203
6543,-0.51184,0.3075,1.86621,-19.22607,28.07617,111.6333
6561,-0.43066,0.51404,1.81555,-18.06641,66.28418,99.42627
6579,-0.40076,0.64355,1.68921,-19.22607,107.84912,82.94678
6597,-0.31042,0.77686,1.52515,-30.33447,146.54541,62.98828
6615,-0.18848,0.88525,1.28406,-47.72949,177.73437,25.6958
6633,-0.12122,0.89563,1.04126,-64.63623,187.62207,-30.57861
6651,-0.15747,0.80103,0.8363,-73.97461,181.88477,-88.25684
6668,-0.17383,0.60291,0.58936,-68.66455,169.7998,-131.89697
6686,-0.15027,0.39722,0.22913,-46.81396,148.92578,-158.08105
6703,-0.23706,0.17188,-0.15466,-20.26367,112.73193,-173.21777
6721,-0.2373,-0.04761,-0.38403,-0.85449,55.17578,-168.27393
6739,-0.23547,-0.24792,-0.36963,6.5918,-47.36328,-168.76221
6757,-0.44458,-0.56335,-0.04395,11.04736,-113.15918,-164.85596
6774,-0.52881,-0.69653,0.09558,20.01953,-168.64014,-143.43262
6792,-0.85034,-1.19299,0.58728,27.89307,-211.54785,-88.50098
6810,-0.93152,-1.40027,0.90674,37.23145,-233.3374,-3.72314
6829,-1.04175,-1.40796,1.14771,33.26416,-236.81641,82.09229
6847,-0.87561,-1.08362,1.48108,-1.52588,-205.2002,141.17432
6865,-0.76941,-0.75452,1.68066,-35.09521,-139.28223,158.3252
6883,-0.78638,-0.4989,1.73389,-52.00195,-85.32715,175.10986
6901,-0.82361,-0.2041,1.86584,-49.98779,-57.18994,209.59473
6919,-0.58875,0.20703,1.94458,-42.3584,-15.86914,231.81152
6937,-0.40295,0.59009,1.91382,-55.17578,46.75293,201.0498
6956,-0.2052,0.78149,1.87769,-72.08252,166.99219,99.3042
6976,-0.27075,0.84741,1.47229,-62.19482,215.63721,40.16113
6994,-0.21692,0.83472,1.10059,-53.28369,232.72705,0.36621
7011,-0.04687,0.8512,0.79297,-54.19922,234.25293,-44.37256
7029,-0.06555,0.76892,0.45544,-43.02979,219.7876,-109.49707
7047,-0.18103,0.54675,0.08789,-19.28711,184.50928,-158.02002
7066,-0.25146,0.32214,-0.15332,-5.49316,137.08496,-172.9126
7086,-0.23474,0.11536,-0.27185,1.28174,78.55225,-162.04834
7104,-0.24902,-0.06091,-0.23022,-4.39453,-23.13232,-158.99658
7123,-0.38806,-0.38464,0.04407,2.13623,-95.58105,-151.9165
7142,-0.46265,-0.71851,0.23535,24.78027,-176.02539,-123.41309
7161,-0.86353,-0.9458,0.41296,41.87012,-262.81738,-80.74951
7180,-0.82581,-1.15088,0.75818,30.57861,-309.87549,-22.76611
7199,-0.87878,-1.22766,1.23828,-9.39941,-292.60254,39.79492
7219,-0.83337,-1.18811,1.70508,-28.07617,-182.00684,85.32715
7237,-0.90149,-1.04114,1.68835,-19.34814,-124.63379,148.49854
7256,-0.79114,-0.57227,1.84521,-30.57861,-89.59961,212.89062
7274,-0.59619,-0.02979,2.02844,-58.10547,-16.47949,226.25732
7292,-0.42456,0.30029,1.96301,-73.30322,67.87109,199.46289
7310,-0.31482,0.55469,1.92004,-64.5752,118.89648,158.26416
7331,-0.22693,0.79858,1.59253,-35.70557,181.21338,85.14404
7349,-0.18152,0.83142,1.23853,-29.96826,194.64111,34.11865
7367,-0.14368,0.78906,0.995,-43.33496,192.19971,-15.74707
7386,-0.14417,0.71753,0.73657,-55.60303,189.14795,-60.66895
7404,-0.16895,0.60571,0.46765,-52.55127,166.01562,-100.03662
7422,-0.17126,0.43152,0.2196,-37.59766,134.39941,-127.92969
7440,-0.15564,0.24414,0.00952,-22.70508,100.64697,-144.9585
7458,-0.15942,0.04993,-0.18396,-9.21631,53.89404,-156.31104
7476,-0.18347,-0.17786,-0.29846,-4.45557,-7.14111,-165.2832
7494,-0.29443,-0.3927,-0.19312,-14.34326,-78.55225,-168.396
7514,-0.53345,-0.755,0.26245,-14.77051,-178.40576,-152.28271
7534,-0.69617,-1.05322,0.62146,7.99561,-229.00391,-113.7085
7552,-0.93579,-1.27002,0.92004,33.56934,-246.39893,-47.05811
7570,-0.91101,-1.40344,1.17566,29.11377,-222.29004,40.52734
7588,-0.91711,-1.27637,1.43677,-4.5166,-174.37744,126.09863
7606,-0.88025,-0.92725,1.68311,-29.96826,-126.0376,195.61768
7624,-0.72778,-0.43201,1.8761,-47.60742,-69.45801,231.68945
7643,-0.57104,0.00134,2.01697,-53.34473,36.74316,226.68457
7661,-0.34937,0.52563,1.98437,-45.47119,98.14453,193.66455
7679,-0.27209,0.72766,1.81726,-33.81348,149.41406,141.90674
7699,-0.27588,0.81812,1.59949,-26.18408,176.87988,88.37891
7716,-0.27588,0.85657,1.39404,-32.40967,192.0166,43.27393
7736,-0.18445,0.87219,1.17981,-44.7998,205.62744,2.50244
7754,-0.10864,0.86108,0.89929,-47.05811,213.37891,-48.40088
7771,-0.12793,0.71204,0.51636,-35.82764,199.8291,-105.10254
7789,-0.21301,0.4873,0.16321,-23.86475,170.89844,-146.85059
7807,-0.23083,0.24731,-0.23413,-8.36182,131.46973,-161.86523
7826,-0.17749,-0.09326,-0.61523,-7.14111,28.13721,-156.25
7846,-0.19373,-0.23926,-0.49402,-35.64453,-50.23193,-150.57373
7864,-0.27795,-0.44104,-0.14856,-50.41504,-125.06104,-147.09473
7884,-0.43201,-0.74988,0.1853,-25.26855,-198.54736,-132.14111
7902,-0.61841,-1.04736,0.50562,2.86865,-260.49805,-106.20117
7920,-0.85547,-1.26257,0.91516,4.82178,-288.94043,-46.14258
7939,-0.92859,-1.47827,1.59863,-7.14111,-254.3335,40.77148
7958,-0.98999,-1.29688,1.90588,-21.42334,-192.26074,131.95801
7976,-0.75293,-0.70959,2.10876,-44.12842,-121.21582,205.62744
7995,-0.62134,-0.09692,2.14709,-71.71631,-42.66357,215.82031
8015,-0.49731,0.34314,2.13379,-99.12109,21.24023,194.94629
8033,-0.43994,0.73096,2.14978,-105.16357,72.87598,148.86475
8051,-0.29846,0.98157,1.97864,-80.07813,140.86914,99.97559
8070,-0.25903,1.08923,1.48218,-76.41602,175.41504,47.24121
8088,-0.25854,1.04919,1.12866,-91.61377,192.99316,0.18311
8109,-0.21643,0.96033,0.83582,-102.53906,191.52832,-44.67773
8128,-0.18579,0.78137,0.53174,-94.11621,181.21338,-89.72168
8146,-0.1748,0.50745,0.13306,-58.71582,168.27393,-138.3667
8164,-0.172,0.23218,-0.3855,3.479,107.66602,-158.3252
8183,-0.22437,-0.19495,-0.7627,11.71875,28.32031,-163.08594
8204,-0.28931,-0.42468,-0.53223,-2.92969,-43.51807,-152.22168
8222,-0.40137,-0.63025,-0.15076,-6.04248,-101.80664,-128.60107
8240,-0.50085,-0.81824,0.26013,13.18359,-151.24512,-92.65137
8258,-0.54187,-0.99805,0.63965,34.24072,-185.4248,-51.69678
8276,-0.61218,-1.11108,0.99622,47.36328,-199.21875,-10.49805
8294,-0.65552,-1.14185,1.33069,53.6499,-177.49023,59.87549
8312,-0.59729,-1.06519,1.63428,21.97266,-132.50732,102.7832
8330,-0.65674,-0.68542,1.78955,-1.83105,-91.55273,151.61133
8349,-0.47473,-0.20203,2.02734,-17.39502,-55.35889,194.58008
8368,-0.23499,0.37415,2.18176,-28.50342,3.479,190.24658
8385,-0.15637,0.72668,2.1261,-29.60205,67.87109,144.77539
8403,-0.18286,0.97705,2.0033,-11.16943,106.56738,94.7876
8425,-0.17822,1.1228,1.59583,3.96729,137.87842,31.31104
8443,-0.14832,1.16516,1.34119,-16.23535,154.78516,-13.5498
8461,-0.15442,1.05823,1.047,-38.33008,162.90283,-60.66895
8479,-0.2135,0.85059,0.72119,-43.27393,162.04834,-100.40283
8497,-0.21216,0.61292,0.37012,-23.25439,148.86475,-125.54932
8515,-0.19897,0.31543,0.00269,10.13184,113.8916,-145.38574
8533,-0.20459,-0.00952,-0.29211,28.86963,64.39209,-158.87451
8552,-0.25708,-0.33789,-0.45068,29.05273,5.67627,-158.20312
8571,-0.35095,-0.64526,-0.43103,23.4375,-65.7959,-135.86426
8589,-0.43323,-0.91772,-0.22729,15.99121,-137.3291,-97.96143
8607,-0.47717,-1.15442,0.11047,2.99072,-222.53418,-31.55518
8625,-0.61194,-1.29028,0.59241,-0.61035,-258.36182,-2.50244
8644,-0.7356,-1.35706,1.00525,-22.70508,-276.67236,30.0293
8663,-0.88611,-1.27307,1.48511,-50.41504,-257.56836,80.50537
8682,-0.99316,-1.00159,1.88611,-61.34033,-206.35986,151.97754
8701,-0.89893,-0.50488,2.14221,-62.25586,-132.93457,220.03174
8719,-0.76953,0.07971,2.21436,-50.47607,-58.59375,240.90576
8737,-0.61218,0.54956,2.15784,-36.74316,17.51709,188.84277
8755,-0.63904,0.88635,2.05054,-37.96387,83.55713,135.86426
8774,-0.5918,1.04053,1.83411,-44.86084,133.78906,81.17676
8791,-0.56995,1.06775,1.55566,-42.48047,176.94092,35.27832
8809,-0.47742,1.03357,1.21948,-44.37256,210.9375,-7.20215
8827,-0.37756,0.91968,0.88977,-51.57471,232.23877,-57.61719
8846,-0.39014,0.74695,0.53284,-48.15674,238.40332,-109.80225
8863,-0.43408,0.46216,0.11243,-26.24512,216.30859,-138.18359
8881,-0.35254,0.17151,-0.26965,-3.41797,167.66357,-141.72363
8899,-0.16675,-0.00769,-0.58105,9.76562,104.24805,-141.90674
8918,-0.09753,-0.15808,-0.73315,-1.15967,27.40479,-156.79932
8938,-0.29932,-0.48877,-0.29346,-37.04834,-90.20996,-171.56982
8957,-0.44824,-0.73315,0.15686,-30.33447,-150.5127,-154.78516
8975,-0.5791,-0.97925,0.48462,3.23486,-194.45801,-118.34717
8993,-0.71899,-1.21375,0.63733,37.47559,-229.43115,-62.37793
9011,-0.8866,-1.31299,0.82739,38.87939,-262.3291,4.45557
9029,-0.98291,-1.21057,1.23267,11.23047,-277.64893,76.78223
9048,-0.86499,-0.95898,1.71436,-34.24072,-240.05127,130.00488
9067,-0.7937,-0.60803,2.04895,-69.33594,-145.26367,158.75244
9086,-0.89746,-0.05432,2.09485,-48.03467,-43.76221,185.4248
9105,-0.77136,0.31567,2.14001,-25.32959,-7.38525,196.83838
9124,-0.5918,0.67664,2.10522,-30.09033,54.87061,180.54199
9144,-0.5094,0.86157,1.99316,-38.87939,118.2251,135.62012
9164,-0.48694,0.93311,1.65002,-32.71484,199.03564,66.16211
9182,-0.42419,0.93835,1.31091,-31.79932,231.14014,29.84619
9200,-0.24561,0.88721,0.98206,-38.20801,239.99023,-13.42773
9218,-0.17871,0.7843,0.67102,-41.74805,238.40332,-73.12012
9237,-0.21643,0.5802,0.26111,-26.7334,225.28076,-124.87793
9256,-0.21094,0.36084,-0.20032,-2.44141,187.80518,-155.09033
9276,-0.20959,0.151,-0.54602,2.92969,84.59473,-174.86572
9294,-0.19055,-0.18665,-0.59436,-21.97266,10.49805,-175.96436
9313,-0.22681,-0.35937,-0.37683,-45.22705,-63.96484,-175.47607
9332,-0.36499,-0.5603,-0.05176,-50.78125,-141.8457,-178.16162
9351,-0.61267,-0.80872,0.33215,-39.61182,-213.92822,-173.9502
9370,-0.8717,-1.1438,0.83984,-13.42773,-268.00537,-141.17432
9388,-1.07092,-1.48169,1.25342,23.01025,-282.22656,-57.92236
9407,-1.03882,-1.3833,1.74756,6.5918,-195.12939,115.53955
9425,-0.79419,-0.8595,1.89258,-27.03857,-114.62402,189.02588
9443,-0.61108,-0.35632,1.9613,-50.84229,-53.28369,206.84814
9461,-0.53931,0.02551,2.02686,-56.45752,-9.52148,199.34082
9479,-0.42908,0.38501,2.04968,-46.50879,31.49414,184.26514
9498,-0.33069,0.63428,1.96228,-35.09521,81.84814,154.23584
9515,-0.25818,0.79626,1.77319,-33.56934,139.03809,110.22949
9532,-0.22375,0.92297,1.49487,-36.62109,188.47656,59.32617
9549,-0.16125,1.00806,1.18774,-37.23145,208.37402,3.23486
9566,-0.06213,1.03955,0.88599,-37.59766,203.55225,-58.28857
9583,-0.05811,0.9812,0.60388,-39.12354,188.65967,-130.24902
9601,-0.22827,0.67627,0.34558,-38.69629,167.29736,-180.60303
9619,-0.24121,0.36218,0.01904,-30.88379,138.00049,-184.75342
9637,-0.18127,0.172,-0.28906,-13.12256,95.94727,-172.85156
9655,-0.13196,-0.02649,-0.48291,-4.15039,32.34863,-169.6167
9672,-0.20239,-0.29468,-0.38867,-13.24463,-43.09082,-170.34912
9689,-0.37769,-0.59863,-0.10425,-15.86914,-123.47412,-162.10937
9706,-0.58508,-0.91187,0.24597,1.70898,-205.68848,-130.85937
9724,-0.74084,-1.19177,0.65002,26.24512,-257.75146,-76.96533
9741,-0.85498,-1.41602,1.05481,26.30615,-257.38525,-11.47461
9758,-0.91309,-1.43738,1.46814,-3.72314,-208.25195,61.34033
9776,-0.88879,-1.16577,1.7843,-24.96338,-149.84131,131.28662
9793,-0.83167,-0.77551,1.96716,-35.88867,-94.29932,187.56104
9810,-0.67236,-0.23071,2.09766,-45.34912,-35.40039,230.46875
9827,-0.39734,0.28235,2.11865,-50.47607,25.45166,229.67529
9844,-0.22888,0.59888,2.07007,-47.9126,86.30371,186.52344
9862,-0.22144,0.77319,1.87756,-38.87939,141.6626,130.7373
9879,-0.23328,0.83655,1.65735,-26.97754,178.28369,83.6792
9898,-0.17432,0.88782,1.35718,-22.52197,210.02197,48.46191
9916,-0.09424,0.9137,0.99316,-22.3999,219.54346,7.69043
9933,0.01208,0.8999,0.60913,-20.93506,208.6792,-43.70117
9951,0.04199,0.79248,0.27478,-22.2168,184.021,-104.43115
9969,-0.01477,0.59668,0.03052,-23.92578,147.58301,-157.40967
9988,-0.05981,0.38257,-0.1604,-23.25439,100.03662,-201.72119
10006,-0.10657,0.1842,-0.36426,-28.74756,9.39941,-202.45361
10024,-0.26599,-0.15796,-0.44312,-52.79541,-75.43945,-200.50049
10042,-0.47559,-0.43787,-0.12671,-74.70703,-166.38184,-185.18066
10060,-0.7666,-0.74634,0.30078,-54.32129,-254.3335,-149.35303
10078,-0.97351,-1.07275,0.78113,-7.32422,-318.66455,-85.02197
10097,-0.96423,-1.297,1.24683,20.38574,-316.04004,-0.30518
10116,-0.91199,-1.27039,1.63281,0.42725,-240.41748,75.50049
10133,-0.88904,-1.04578,1.92786,-21.60645,-145.62988,129.82178
10152,-0.84937,-0.71924,2.08594,-28.93066,-78.85742,167.90771
10169,-0.77979,-0.34863,2.19031,-32.04346,-19.89746,206.66504
10188,-0.5719,0.18237,2.18127,-37.8418,39.67285,234.06982
10206,-0.22095,0.65112,2.05286,-36.07178,125.73242,183.04443
10227,-0.12756,0.88159,1.59497,-32.77588,173.82812,105.0415
10244,-0.16589,0.92554,1.26929,-22.33887,190.30762,42.96875
10261,-0.12231,0.89856,0.89954,-12.69531,190.73486,0.54932
10279,-0.08618,0.80188,0.50122,-9.76562,180.9082,-41.38184
10297,-0.02295,0.67871,0.11914,-13.91602,154.29687,-82.4585
10315,0.0293,0.578,-0.15149,-25.75684,117.1875,-125.85449
10334,0.05127,0.4823,-0.35046,-42.48047,67.93213,-172.05811
10351,-0.10657,0.29846,-0.39587,-52.36816,2.2583,-211.24268
10368,-0.34985,0.02112,-0.27393,-52.73438,-78.36914,-220.03174
10386,-0.4657,-0.24902,0.02795,-40.52734,-153.25928,-197.69287
10404,-0.56274,-0.45203,0.36548,-11.84082,-206.90918,-169.43359
10424,-0.88623,-0.98853,0.86829,26.61133,-234.06982,-123.35205
10442,-1.04358,-1.30383,1.24548,22.58301,-209.41162,-45.95947
10460,-1.07434,-1.31555,1.60291,8.54492,-162.71973,46.38672
10478,-1.0116,-1.14661,1.85986,3.54004,-117.12646,125.42725
10497,-0.89294,-0.81799,1.98572,-4.69971,-65.67383,186.88965
10515,-0.71875,-0.33862,2.0365,-22.64404,0.48828,231.50635
10533,-0.51721,0.09509,2.02991,-35.40039,64.27002,242.06543
10551,-0.3584,0.46204,1.97754,-34.05762,116.51611,223.2666
10569,-0.26306,0.69751,1.76489,-28.86963,166.74805,190.18555
10587,-0.17957,0.85645,1.48071,-30.51758,206.84814,150.39062
10605,-0.03857,1.03308,1.10486,-26.7334,220.88623,62.19482
10623,0.04065,1.03052,0.70886,-16.54053,190.979,-9.39941
10641,0.09546,0.95789,0.22339,-28.32031,158.08105,-76.35498
10659,0.0907,0.88782,-0.05542,-45.22705,120.05615,-145.44678
10676,0.06641,0.70264,-0.25342,-68.0542,59.81445,-214.84375
10694,-0.27087,0.39331,-0.27637,-81.35986,-14.95361,-260.68115
10713,-0.41199,-0.02478,-0.18042,-76.23291,-91.97998,-248.53516
10732,-0.47021,-0.25476,0.06226,-53.10059,-161.25488,-215.02686
10750,-0.63342,-0.51562,0.39746,-15.19775,-213.43994,-193.17627
10769,-0.96069,-1.07373,0.75415,16.41846,-233.58154,-164.00146
10787,-1.13464,-1.6377,1.14111,14.4043,-211.42578,-73.48633
10805,-1.17395,-1.6842,1.46619,-9.27734,-150.39062,104.91943
10822,-1.08765,-1.47192,1.78259,-12.20703,-143.79883,148.86475
10840,-0.98169,-1.11853,2.01428,-10.19287,-79.89502,252.62451
10859,-0.79272,-0.2251,1.99072,-35.21729,0.06104,291.07666
10877,-0.52112,0.37073,1.95007,-57.25098,78.00293,294.25049
10894,-0.31091,0.81995,1.73938,-60.36377,143.9209,255.67627
10912,-0.19189,1.0708,1.41211,-45.41016,184.57031,198.85254
10930,-0.0647,1.24463,1.06799,-21.42334,178.58887,129.21143
10948,0.03992,1.24316,0.76794,-11.77979,161.74316,52.55127
10965,0.06189,1.18616,0.48083,-20.50781,155.15137,-23.19336
10983,0.03552,1.04688,0.2406,-31.79932,135.0708,-93.75
11002,-0.07275,0.83374,0.12549,-39.91699,110.53467,-152.28271
11022,-0.13086,0.57556,0.03174,-34.11865,79.28467,-199.34082
11041,-0.17053,0.14783,-0.07275,-7.62939,12.93945,-201.41602
11061,-0.25232,-0.15051,-0.07593,0.91553,-39.97803,-202.63672
11079,-0.36072,-0.46997,0.05334,-8.30078,-102.90527,-195.19043
11097,-0.54687,-0.82214,0.42615,-24.16992,-163.87939,-175.90332
11116,-0.77124,-1.23926,0.89392,-16.54053,-199.58496,-128.41797
11136,-0.89453,-1.61304,1.33032,16.54053,-189.7583,25.02441
11155,-0.95508,-1.52991,1.58374,11.35254,-162.35352,143.49365
11174,-0.71069,-1.1084,1.78906,-4.63867,-128.11279,220.52002
11194,-0.57776,-0.67944,1.86548,-35.09521,-66.95557,246.45996
11215,-0.47229,0.12378,2.04395,-70.49561,36.19385,259.52148
11232,-0.38977,0.54028,2.01489,-52.85645,97.29004,246.82617
11251,-0.19116,0.92236,1.84912,-29.84619,142.33398,210.44922
11270,-0.10632,1.13464,1.56689,-20.50781,185.30273,145.1416
11290,-0.05664,1.25867,1.21216,-8.54492,191.71143,70.06836
11309,-0.05701,1.22803,0.87781,-4.88281,168.33496,-36.43799
11328,-0.08289,1.01184,0.34265,-7.62939,158.69141,-95.64209
11346,-0.14307,0.80383,-0.01514,0.85449,141.54053,-145.38574
11364,-0.19751,0.51904,-0.31958,10.00977,100.15869,-181.15234
11382,-0.25952,0.1969,-0.43726,6.22559,33.38623,-198.7915
11401,-0.29553,-0.10901,-0.41492,-12.26807,-46.20361,-198.30322
11420,-0.35144,-0.41528,-0.09314,-41.80908,-123.65723,-192.50488
11439,-0.49951,-0.76587,0.30298,-54.38232,-185.4248,-174.43848
11457,-0.6604,-1.11792,0.65088,-49.92676,-267.39502,-111.81641
11476,-0.96375,-1.56885,1.35193,-59.021,-285.27832,-41.38184
11494,-0.97009,-1.6095,2.04456,-58.10547,-244.14062,59.87549
11514,-0.72754,-1.08997,2.48743,-37.23145,-120.84961,162.23145
11532,-0.3877,-0.34338,2.17273,5.12695,6.40869,183.83789
